{"cameraMode":{"drawMode":0,"name":"Shaded","section":"Shading Mode"},"sceneLighting":true,"audioPlay":false,"sceneViewState":{"showFog":true,"showMaterialUpdate":false,"showSkybox":true,"showFlares":true,"showImageEffects":true,"showParticleSystems":true},"in2DMode":false,"pivot":{"x":181.8489990234375,"y":81.67167663574219,"z":196.09266662597657},"rotation":{"x":-0.035669855773448947,"y":0.536963939666748,"z":-0.02273249626159668,"w":-0.8425819873809815},"size":22.0,"orthographic":false}